Date,League,Season,Home Team,Away Team,Home Goals,Away Goals,Venue,Result,Home Win,Away Win,Draw,Total Goals,Goal Difference,Home Points,Away Points
2026-07-11,Kwanza Heroes League,2026,Maili Saba Combined,Arusha Combined,1,3,Not listed,Away,0,1,0,4,-2,0,3
2026-07-11,Kwanza Heroes League,2026,Maridadi FC,Kesogoni FC,2,2,Not listed,Draw,0,0,1,4,0,1,1
2026-07-05,FKF Division Two Northern Zone Pool A,2025/2026,Denmak FC Maganyakulo,Inter Dabaso,3,0,Not listed,Home,1,0,0,3,3,3,0
2026-07-05,FKF Division Two Northern Zone Pool A,2025/2026,Mombasa Allstars,Samba Boyz FC,2,0,Not listed,Home,1,0,0,2,2,3,0
2026-07-05,FKF Division Two Northern Zone Pool A,2025/2026,Redstars FC,Junior FC,1,0,Not listed,Home,1,0,0,1,1,3,0
2026-07-05,FKF Division Two Northern Zone Pool A,2025/2026,Wayzata Boys,Sparki Youth,4,0,Not listed,Home,1,0,0,4,4,3,0
2026-07-05,FKF Division Two Northern Zone Pool A,2025/2026,Young Bulls,Ziwani Youth,2,0,Not listed,Home,1,0,0,2,2,3,0
2026-07-04,FKF Division Two Northern Zone Pool A,2025/2026,Good Hope SA,Samba Boyz FC,5,0,Not listed,Home,1,0,0,5,5,3,0
2026-07-04,FKF Division Two Northern Zone Pool A,2025/2026,Mbungoni United,Junior FC,4,0,Not listed,Home,1,0,0,4,4,3,0
2026-07-04,FKF Division Two Northern Zone Pool A,2025/2026,RWAFA FC,Inter Dabaso,2,0,Not listed,Home,1,0,0,2,2,3,0
2026-07-04,FKF Division Two Northern Zone Pool A,2025/2026,Samburu Lions,Beach Bay FC,2,0,Not listed,Home,1,0,0,2,2,3,0
2026-06-28,FKF Division Two Northern Zone Pool A,2025/2026,Beach Bay FC,Mombasa Allstars,2,1,Not listed,Home,1,0,0,3,1,3,0
2026-06-28,FKF Division Two Northern Zone Pool A,2025/2026,Kisumundogo UTD,Wayzata Boys,1,0,Not listed,Home,1,0,0,1,1,3,0
2026-06-28,FKF Division Two Northern Zone Pool A,2025/2026,Mbungoni United,Redstars FC,0,0,Not listed,Draw,0,0,1,0,0,1,1
2026-06-28,FKF Division Two Northern Zone Pool A,2025/2026,Young Bulls,Samburu Lions,2,1,Not listed,Home,1,0,0,3,1,3,0
2026-06-27,FKF Division Two Northern Zone Pool A,2025/2026,Matanomane Youth,Samburu Lions,0,2,Not listed,Away,0,1,0,2,-2,0,3
2026-06-27,FKF Division Two Northern Zone Pool A,2025/2026,Samba Boyz FC,Denmak FC Maganyakulo,2,4,Not listed,Away,0,1,0,6,-2,0,3
2026-06-27,FKF Division Two Northern Zone Pool A,2025/2026,Yanga FC KE,Wayzata Boys,1,2,Not listed,Away,0,1,0,3,-1,0,3
2026-06-27,FKF Division Two Northern Zone Pool A,2025/2026,Ziwani Youth,RWAFA FC,0,3,Not listed,Away,0,1,0,3,-3,0,3
2026-06-14,FKF Division One,2025/2026,FC Kona Rangers,GFE 105,1,2,Not listed,Away,0,1,0,3,-1,0,3
2026-06-14,FKF Division One,2025/2026,Kipchimchim Group FC,Bungoma Superstars,0,1,Not listed,Away,0,1,0,1,-1,0,3
2026-06-14,FKF Division One,2025/2026,Suna West FC,St Josephs Youth.,2,1,Not listed,Home,1,0,0,3,1,3,0
2026-06-14,FKF Division One,2025/2026,Vickers FC,Amani Youth,3,0,Not listed,Home,1,0,0,3,3,3,0
2026-06-13,FKF Division One,2025/2026,Bumbani Stars,Zetech Titans,0,2,Not listed,Away,0,1,0,2,-2,0,3
2026-06-13,FKF Division One,2025/2026,Congo Boyz,KAPA FC,1,0,Not listed,Home,1,0,0,1,1,3,0
2026-06-13,FKF Division One,2025/2026,Green Berets,Gituru FC,1,0,Not listed,Home,1,0,0,1,1,3,0
2026-06-13,FKF Division One,2025/2026,Kahawa United,Royal Fresh,0,0,Not listed,Draw,0,0,1,0,0,1,1
2026-06-13,FKF Division One,2025/2026,Kibra United,Spitfire FC,2,3,Not listed,Away,0,1,0,5,-1,0,3
2026-06-13,FKF Division One,2025/2026,SS Assad,Strathmore University,0,2,Not listed,Away,0,1,0,2,-2,0,3
2026-06-13,FKF Division One,2025/2026,Teita Estate,Al-Azizia FC,2,0,Not listed,Home,1,0,0,2,2,3,0
2026-05-30,FKF Division Two Northern Zone Pool A,2025/2026,Beach Bay FC,Kisumundogo UTD,1,4,Not listed,Away,0,1,0,5,-3,0,3
2026-05-30,FKF Division Two Northern Zone Pool A,2025/2026,Wayzata Boys,RWAFA FC,0,1,Not listed,Away,0,1,0,1,-1,0,3
2026-05-30,FKF Division Two Northern Zone Pool A,2025/2026,Young Bulls,Sparki Youth,1,0,Not listed,Home,1,0,0,1,1,3,0
2026-05-24,Machakos County League,2025/2026,Celtic TYSA,Mwanga FC,2,0,Not listed,Home,1,0,0,2,2,3,0
2026-05-24,Machakos County League,2025/2026,Kabaa Young Cobras,Ivovoani Vipers,1,1,Not listed,Draw,0,0,1,2,0,1,1
2026-05-24,Machakos County League,2025/2026,Mackenzie FC,Kikombi wazito fc,1,0,Not listed,Home,1,0,0,1,1,3,0
2026-05-23,Kenyan Premier League,2025/2026,KCB FC,Posta Rangers,0,1,Not listed,Away,0,1,0,1,-1,0,3
2026-05-23,Kenyan Premier League,2025/2026,Kariobangi Sharks,Kakamega Homeboyz,2,2,Not listed,Draw,0,0,1,4,0,1,1
2026-05-23,Kenyan Premier League,2025/2026,Ulinzi Stars FC,Mathare UTD,2,1,Not listed,Home,1,0,0,3,1,3,0
2026-05-20,Kenyan Premier League,2025/2026,Bandari FC,APS Bomet FC,0,2,Not listed,Away,0,1,0,2,-2,0,3
2026-05-17,FKF Division One,2025/2026,Mfalme FC,TBM Health FC,1,2,Not listed,Away,0,1,0,3,-1,0,3
2026-05-17,FKF Division One,2025/2026,Zoo Kericho,Napetet Titans,7,0,Not listed,Home,1,0,0,7,7,3,0
2026-05-17,FKF Women Premier League,2025/2026,Gideon Starlets,Trinity Starlets FC,0,0,Not listed,Draw,0,0,1,0,0,1,1
2026-05-17,FKF Women Premier League,2025/2026,Kayole Starlets,Zetech Sparks WFC,4,1,Not listed,Home,1,0,0,5,3,3,0
2026-05-17,FKF Women Premier League,2025/2026,Kenya Police Bullets,Madira Soccer Assassins,1,0,Not listed,Home,1,0,0,1,1,3,0
2026-05-17,FKF Women Premier League,2025/2026,Ulinzi Starlets FC,Bungoma Queens FC,7,1,Not listed,Home,1,0,0,8,6,3,0
2026-05-17,Kenyan Premier League,2025/2026,Bidco United,Shabana FC,0,1,Not listed,Away,0,1,0,1,-1,0,3
2026-05-17,Kenyan Premier League,2025/2026,Muranga SEAL,Gor Mahia FC,1,3,Not listed,Away,0,1,0,4,-2,0,3
2026-05-17,Machakos County League,2025/2026,Ivovoani Vipers,Mackenzie FC,1,0,Not listed,Home,1,0,0,1,1,3,0
2026-05-17,Machakos County League,2025/2026,Masii United,FC Mosko,1,2,Not listed,Away,0,1,0,3,-1,0,3
2026-05-17,Machakos County League,2025/2026,Mwanga FC,Matetani FC,2,1,Not listed,Home,1,0,0,3,1,3,0
2026-05-13,Kenyan Premier League,2025/2026,Mara Sugar FC,Shabana FC,1,0,Not listed,Home,1,0,0,1,1,3,0
2026-05-13,Kenyan Premier League,2025/2026,Ulinzi Stars FC,AFC Leopards,0,2,Not listed,Away,0,1,0,2,-2,0,3
2026-05-10,FKF Division One,2025/2026,KAPA FC,Zetech Titans,1,0,Not listed,Home,1,0,0,1,1,3,0
2026-05-10,FKF Division One,2025/2026,Kibra United,Bumbani Stars,3,1,Not listed,Home,1,0,0,4,2,3,0
2026-05-10,FKF Division One,2025/2026,Royal Fresh,Simba Apparel,1,0,Not listed,Home,1,0,0,1,1,3,0
2026-05-10,FKF Division One,2025/2026,SS Assad,Green Berets,1,1,Not listed,Draw,0,0,1,2,0,1,1
2026-05-10,FKF Women Premier League,2025/2026,Madira Soccer Assassins,Kayole Starlets,0,1,Not listed,Away,0,1,0,1,-1,0,3
2026-05-10,FKF Women Premier League,2025/2026,Trinity Starlets FC,Kenya Police Bullets,0,1,Not listed,Away,0,1,0,1,-1,0,3
2026-05-10,FKF Women Premier League,2025/2026,Vihiga Queens FC,Gideon Starlets,3,2,Not listed,Home,1,0,0,5,1,3,0
2026-05-10,FKF Women Premier League,2025/2026,Zetech Sparks WFC,Kibera Soccer Women,0,3,Not listed,Away,0,1,0,3,-3,0,3
2026-05-10,Machakos County League,2025/2026,Celtic TYSA,Ivovoani Vipers,1,1,Not listed,Draw,0,0,1,2,0,1,1
2026-05-10,Machakos County League,2025/2026,FC Mosko,Mwanga FC,0,2,Not listed,Away,0,1,0,2,-2,0,3
2026-05-10,Machakos County League,2025/2026,Matetani FC,Masii United,2,1,Not listed,Home,1,0,0,3,1,3,0
2026-05-09,FKF Division One,2025/2026,Kahawa United,Teita Estate,2,0,Not listed,Home,1,0,0,2,2,3,0
2026-05-09,FKF Division One,2025/2026,Spitfire FC,Gituru FC,0,0,Not listed,Draw,0,0,1,0,0,1,1
2026-05-09,FKF Division One,2025/2026,Strathmore University,Al-Azizia FC,2,1,Not listed,Home,1,0,0,3,1,3,0
2026-05-03,Machakos County League,2025/2026,Ivovoani Vipers,Matetani FC,5,0,Not listed,Home,1,0,0,5,5,3,0
2026-05-02,FKF Women Premier League,2025/2026,Kayole Starlets,Trinity Starlets FC,2,1,Not listed,Home,1,0,0,3,1,3,0
2026-05-02,FKF Women Premier League,2025/2026,Kenya Police Bullets,Vihiga Queens FC,9,0,Not listed,Home,1,0,0,9,9,3,0
2026-05-02,FKF Women Premier League,2025/2026,Kibera Soccer Women,Bungoma Queens FC,4,3,Not listed,Home,1,0,0,7,1,3,0
2026-05-02,FKF Women Premier League,2025/2026,Madira Soccer Assassins,Zetech Sparks WFC,1,0,Not listed,Home,1,0,0,1,1,3,0
2026-05-02,FKF Women Premier League,2025/2026,Ulinzi Starlets FC,Gideon Starlets,5,0,Not listed,Home,1,0,0,5,5,3,0
2026-04-26,FKF Women Premier League,2025/2026,Ulinzi Starlets FC,Kenya Police Bullets,0,3,Not listed,Away,0,1,0,3,-3,0,3
2026-04-26,FKF Women Premier League,2025/2026,Vihiga Queens FC,Kayole Starlets,1,0,Not listed,Home,1,0,0,1,1,3,0
2026-04-26,Machakos County League,2025/2026,Celtic TYSA,Mackenzie FC,0,1,Not listed,Away,0,1,0,1,-1,0,3
2026-04-26,Machakos County League,2025/2026,FC Mosko,Ivovoani Vipers,0,0,Not listed,Draw,0,0,1,0,0,1,1
2026-04-26,Machakos County League,2025/2026,Masii United,Kikombi wazito fc,2,0,Not listed,Home,1,0,0,2,2,3,0
2026-04-24,Kenyan Premier League,2025/2026,Posta Rangers,Bidco United,1,1,Not listed,Draw,0,0,1,2,0,1,1
2026-04-24,Kenyan Premier League,2025/2026,Tusker FC,Mara Sugar FC,0,1,Not listed,Away,0,1,0,1,-1,0,3
2026-04-24,Nairobi West County League Zone D,2025/2026,Kibagare Sportiff,Uthiru Vision,1,1,Not listed,Draw,0,0,1,2,0,1,1
2026-04-24,Nairobi West County League Zone D,2025/2026,Mathare All Stars,Uthiru Vision,1,1,Not listed,Draw,0,0,1,2,0,1,1
2026-04-24,Nairobi West County League Zone D,2025/2026,Sparks FC,Kipande FC,2,0,Not listed,Home,1,0,0,2,2,3,0
2026-04-24,Nairobi West County League Zone D,2025/2026,Uthiru Vision,Runda Union,2,1,Not listed,Home,1,0,0,3,1,3,0
2026-04-24,Nairobi West County League Zone D,2025/2026,Uthiru Vision,Kitisuru FC,2,0,Not listed,Home,1,0,0,2,2,3,0
2026-04-19,Machakos County League,2025/2026,Ivovoani Vipers,Masii United,3,2,Not listed,Home,1,0,0,5,1,3,0
2026-04-19,Machakos County League,2025/2026,Kabaa Young Cobras,Mackenzie FC,1,4,Not listed,Away,0,1,0,5,-3,0,3
2026-04-17,Nairobi West County League Zone D,2025/2026,Kangemi Atletico,Kibagare Sportiff,0,2,Not listed,Away,0,1,0,2,-2,0,3
2026-04-17,Nairobi West County League Zone D,2025/2026,Kangemi Atletico,Sparks FC,0,1,Not listed,Away,0,1,0,1,-1,0,3
2026-04-14,Kenyan Premier League,2025/2026,Mathare UTD,Kenya Police FC,0,0,Not listed,Draw,0,0,1,0,0,1,1
2026-04-14,Kenyan Premier League,2025/2026,Tusker FC,Gor Mahia FC,1,0,Not listed,Home,1,0,0,1,1,3,0
2026-04-14,Nairobi West County League Zone D,2025/2026,Diamond FC,Gachie Soccer Club,3,2,Not listed,Home,1,0,0,5,1,3,0
2026-04-14,Nairobi West County League Zone D,2025/2026,FC Talent,Gachie Soccer Club,0,6,Not listed,Away,0,1,0,6,-6,0,3
2026-04-14,Nairobi West County League Zone D,2025/2026,Gachie Soccer Club,Real Stars,3,0,Not listed,Home,1,0,0,3,3,3,0
2026-04-14,Nairobi West County League Zone D,2025/2026,Gachie Soccer Club,Lions FC.,0,3,Not listed,Away,0,1,0,3,-3,0,3
2026-04-14,Nairobi West County League Zone D,2025/2026,The Lions FC,Gachie Soccer Club,2,2,Not listed,Draw,0,0,1,4,0,1,1
2026-04-12,Machakos County League,2025/2026,FC Mosko,Mackenzie FC,0,5,Not listed,Away,0,1,0,5,-5,0,3
2026-04-12,Machakos County League,2025/2026,Matetani FC,Celtic TYSA,0,4,Not listed,Away,0,1,0,4,-4,0,3
2026-04-12,Machakos County League,2025/2026,Mwanga FC,Ivovoani Vipers,1,1,Not listed,Draw,0,0,1,2,0,1,1
2026-04-08,Kenyan Premier League,2025/2026,Nairobi United,Kakamega Homeboyz,2,2,Not listed,Draw,0,0,1,4,0,1,1
2026-04-05,Machakos County League,2025/2026,Celtic TYSA,FC Mosko,3,1,Not listed,Home,1,0,0,4,2,3,0
2026-04-05,Machakos County League,2025/2026,Kabaa Young Cobras,Mwanga FC,1,1,Not listed,Draw,0,0,1,2,0,1,1
2026-04-01,Kenyan Premier League,2025/2026,Nairobi United,Mara Sugar FC,1,1,Not listed,Draw,0,0,1,2,0,1,1
2026-03-29,FKF Women Premier League,2025/2026,Gideon Starlets,Kenya Police Bullets,0,1,Not listed,Away,0,1,0,1,-1,0,3
2026-03-29,FKF Women Premier League,2025/2026,Trinity Starlets FC,Ulinzi Starlets FC,0,2,Not listed,Away,0,1,0,2,-2,0,3
2026-03-29,Kenyan Premier League,2025/2026,AFC Leopards,Kariobangi Sharks,1,0,Not listed,Home,1,0,0,1,1,3,0
2026-03-29,Kenyan Premier League,2025/2026,APS Bomet FC,Nairobi United,0,0,Not listed,Draw,0,0,1,0,0,1,1
2026-03-29,Kenyan Premier League,2025/2026,Shabana FC,Muranga SEAL,1,0,Not listed,Home,1,0,0,1,1,3,0
2026-03-29,Kenyan Premier League,2025/2026,Ulinzi Stars FC,Sofapaka FC,2,0,Not listed,Home,1,0,0,2,2,3,0
2026-03-29,Kwanza Heroes League,2026,Arusha Combined,Small Simba FC,1,1,Not listed,Draw,0,0,1,2,0,1,1
2026-03-29,Kwanza Heroes League,2026,Makhonge FC,Cyprus FC,2,0,Not listed,Home,1,0,0,2,2,3,0
2026-03-29,Kwanza Heroes League,2026,Mutua Simba Utd,Karaus FC,0,1,Not listed,Away,0,1,0,1,-1,0,3
2026-03-28,FKF Women Premier League,2025/2026,Trinity Starlets FC,Madira Soccer Assassins,2,1,Not listed,Home,1,0,0,3,1,3,0
2026-03-28,Kenyan Premier League,2025/2026,Bandari FC,Bidco United,1,0,Not listed,Home,1,0,0,1,1,3,0
2026-03-28,Kenyan Premier League,2025/2026,KCB FC,Mara Sugar FC,1,0,Not listed,Home,1,0,0,1,1,3,0
2026-03-28,Kenyan Premier League,2025/2026,Posta Rangers,Kakamega Homeboyz,0,2,Not listed,Away,0,1,0,2,-2,0,3
2026-03-22,FKF Women Premier League,2025/2026,Ulinzi Starlets FC,Madira Soccer Assassins,1,0,Not listed,Home,1,0,0,1,1,3,0
2026-03-22,Kenyan Premier League,2025/2026,AFC Leopards,Tusker FC,1,0,Not listed,Home,1,0,0,1,1,3,0
2026-03-22,Kenyan Premier League,2025/2026,Kakamega Homeboyz,Bandari FC,1,1,Not listed,Draw,0,0,1,2,0,1,1
2026-03-22,Kenyan Premier League,2025/2026,Kariobangi Sharks,Posta Rangers,1,2,Not listed,Away,0,1,0,3,-1,0,3
2026-03-22,Kenyan Premier League,2025/2026,Muranga SEAL,Mathare UTD,1,1,Not listed,Draw,0,0,1,2,0,1,1
2026-03-08,Mozzart Bet Cup,2025/2026,Muranga SEAL,FC Dynamo,1,0,Not listed,Home,1,0,0,1,1,3,0
2026-02-15,FKF Women Premier League,2025/2026,Vihiga Queens FC,Zetech Sparks WFC,0,0,Not listed,Draw,0,0,1,0,0,1,1
2026-02-14,FKF Women Premier League,2025/2026,Kibera Soccer Women,Kayole Starlets,2,1,Not listed,Home,1,0,0,3,1,3,0
2026-02-07,Mozzart Bet Cup,2025/2026,Amani Youth,Kakamega Homeboyz,1,5,Not listed,Away,0,1,0,6,-4,0,3
2026-02-07,Mozzart Bet Cup,2025/2026,FC Dynamo,Kibera Black Stars,2,2,Not listed,Draw,0,0,1,4,0,1,1
2026-02-07,Mozzart Bet Cup,2025/2026,Kahawa Pride,Muranga SEAL,1,9,Not listed,Away,0,1,0,10,-8,0,3
2026-02-07,Mozzart Bet Cup,2025/2026,Kamel Park Rangers,Ulinzi Stars,0,1,Not listed,Away,0,1,0,1,-1,0,3
2026-02-07,Mozzart Bet Cup,2025/2026,RWAFA FC,Zetech Titans,0,2,Not listed,Away,0,1,0,2,-2,0,3
2026-01-31,FKF Women Premier League,2025/2026,Trinity Starlets FC,Kibera Soccer Women,0,0,Not listed,Draw,0,0,1,0,0,1,1
2026-01-25,FKF Women Premier League,2025/2026,Bungoma Queens FC,Trinity Starlets FC,1,0,Not listed,Home,1,0,0,1,1,3,0
2026-01-25,FKF Women Premier League,2025/2026,Kayole Starlets,Gideon Starlets,0,4,Not listed,Away,0,1,0,4,-4,0,3
2025-12-07,Juja Sub County League,2025/2026,360 FC,Umoja United,1,4,Not listed,Away,0,1,0,5,-3,0,3
2025-12-07,Juja Sub County League,2025/2026,Arizona FC,Muthaara Utd,0,0,Not listed,Draw,0,0,1,0,0,1,1
2025-12-07,Juja Sub County League,2025/2026,Boca Juniors F.C,Tricent FC,2,3,Not listed,Away,0,1,0,5,-1,0,3
2025-12-07,Juja Sub County League,2025/2026,FC Foosa,Oasis FC,0,1,Not listed,Away,0,1,0,1,-1,0,3
2025-12-07,Juja Sub County League,2025/2026,Greats FC,Sunday Utd,1,4,Not listed,Away,0,1,0,5,-3,0,3
2025-12-07,Juja Sub County League,2025/2026,Milimaini FC,Peer Youth FC,1,2,Not listed,Away,0,1,0,3,-1,0,3
2025-12-07,Juja Sub County League,2025/2026,Moonlight FC,Talanta FC,2,1,Not listed,Home,1,0,0,3,1,3,0
2025-12-07,Juja Sub County League,2025/2026,Tumaini Academy,Stars Link,2,3,Not listed,Away,0,1,0,5,-1,0,3
2025-12-07,Juja Sub County League,2025/2026,Tumaini FC,Supreme Utd,1,1,Not listed,Draw,0,0,1,2,0,1,1
2025-12-07,Juja Sub County League,2025/2026,Wepro Gremio Youth,Mwireri Sportive,2,2,Not listed,Draw,0,0,1,4,0,1,1
2025-12-07,Juja Sub County League,2025/2026,Westview FC,Titanic FC,1,1,Not listed,Draw,0,0,1,2,0,1,1
2025-05-31,National Super League,2024/2025,Fortune Sacco,Mombasa United FC,5,1,Not listed,Home,1,0,0,6,4,3,0
2025-05-25,National Super League,2024/2025,APS Bomet,Kisumu Allstars,4,0,Not listed,Home,1,0,0,4,4,3,0
2025-05-24,National Super League,2024/2025,Naivas FC,Samwest Blackboots,4,1,Not listed,Home,1,0,0,5,3,3,0
2025-05-23,National Super League,2024/2025,Fortune Sacco,Luanda Villa,2,0,Not listed,Home,1,0,0,2,2,3,0
2025-05-23,National Super League,2024/2025,Mombasa Stars,Vihiga United,1,0,Not listed,Home,1,0,0,1,1,3,0
2025-05-23,National Super League,2024/2025,Mombasa United FC,Darajani Gogo,0,2,Not listed,Away,0,1,0,2,-2,0,3
2025-05-23,National Super League,2024/2025,Nairobi United,3K FC,2,1,Not listed,Home,1,0,0,3,1,3,0
2025-05-23,National Super League,2024/2025,Nzoia Sugar,Kibera Black Stars,3,2,Not listed,Home,1,0,0,5,1,3,0
2025-05-23,National Super League,2024/2025,SS Assad,MCF FC,1,0,Not listed,Home,1,0,0,1,1,3,0
2025-05-18,National Super League,2024/2025,3K FC,Mombasa United FC,2,0,Not listed,Home,1,0,0,2,2,3,0
2025-05-18,National Super League,2024/2025,Kibera Black Stars,Fortune Sacco,1,1,Not listed,Draw,0,0,1,2,0,1,1
2025-05-18,National Super League,2024/2025,Luanda Villa,SS Assad,2,0,Not listed,Home,1,0,0,2,2,3,0
2025-05-18,National Super League,2024/2025,Samwest Blackboots,Nairobi United,1,1,Not listed,Draw,0,0,1,2,0,1,1
2025-05-18,National Super League,2024/2025,Vihiga United,Nzoia Sugar,3,0,Not listed,Home,1,0,0,3,3,3,0
2025-05-17,National Super League,2024/2025,Darajani Gogo,APS Bomet,1,0,Not listed,Home,1,0,0,1,1,3,0
2025-05-17,National Super League,2024/2025,Kisumu Allstars,MOFA FC.,2,0,Not listed,Home,1,0,0,2,2,3,0
2025-05-17,National Super League,2024/2025,MCF FC,Naivas FC,2,1,Not listed,Home,1,0,0,3,1,3,0
2025-05-14,National Super League,2024/2025,Fortune Sacco,Migori Youth FC,2,0,Not listed,Home,1,0,0,2,2,3,0
2025-05-14,National Super League,2024/2025,Nairobi United,Luanda Villa,2,0,Not listed,Home,1,0,0,2,2,3,0
2025-05-11,National Super League,2024/2025,3K FC,Darajani Gogo,0,2,Not listed,Away,0,1,0,2,-2,0,3
2025-05-11,National Super League,2024/2025,APS Bomet,Vihiga United,2,0,Not listed,Home,1,0,0,2,2,3,0
2025-05-11,National Super League,2024/2025,MOFA FC.,Samwest Blackboots,1,1,Not listed,Draw,0,0,1,2,0,1,1
2025-05-11,National Super League,2024/2025,Migori Youth FC,Kibera Black Stars,0,0,Not listed,Draw,0,0,1,0,0,1,1
2025-05-11,National Super League,2024/2025,Mombasa United FC,Luanda Villa,3,1,Not listed,Home,1,0,0,4,2,3,0
2025-05-10,National Super League,2024/2025,Fortune Sacco,MCF FC,2,1,Not listed,Home,1,0,0,3,1,3,0
2025-05-10,National Super League,2024/2025,Mombasa Stars,Kisumu Allstars,3,1,Not listed,Home,1,0,0,4,2,3,0
2025-05-10,National Super League,2024/2025,Naivas FC,Darajani Gogo,2,2,Not listed,Draw,0,0,1,4,0,1,1
2025-05-10,National Super League,2024/2025,Nzoia Sugar,3K FC,1,1,Not listed,Draw,0,0,1,2,0,1,1
2025-04-23,National Super League,2024/2025,Migori Youth FC,Nairobi United,0,1,Not listed,Away,0,1,0,1,-1,0,3
2025-04-20,National Super League,2024/2025,APS Bomet,3K FC,3,2,Not listed,Home,1,0,0,5,1,3,0
2025-04-20,National Super League,2024/2025,Fortune Sacco,Mombasa Stars,2,1,Not listed,Home,1,0,0,3,1,3,0
2025-04-20,National Super League,2024/2025,Nzoia Sugar,Luanda Villa,0,1,Not listed,Away,0,1,0,1,-1,0,3
2025-04-19,National Super League,2024/2025,Darajani Gogo,Kisumu Allstars,1,2,Not listed,Away,0,1,0,3,-1,0,3
2025-04-19,National Super League,2024/2025,Mombasa United FC,Migori Youth FC,4,1,Not listed,Home,1,0,0,5,3,3,0
2025-04-19,National Super League,2024/2025,Nairobi United,MCF FC,0,0,Not listed,Draw,0,0,1,0,0,1,1
2025-04-19,National Super League,2024/2025,SS Assad,MOFA FC.,2,2,Not listed,Draw,0,0,1,4,0,1,1
2025-04-13,National Super League,2024/2025,3K FC,SS Assad,3,2,Not listed,Home,1,0,0,5,1,3,0
2025-04-13,National Super League,2024/2025,Luanda Villa,APS Bomet,1,0,Not listed,Home,1,0,0,1,1,3,0
2025-04-13,National Super League,2024/2025,MOFA FC.,Fortune Sacco,0,2,Not listed,Away,0,1,0,2,-2,0,3
2025-04-13,National Super League,2024/2025,Vihiga United,Samwest Blackboots,0,3,Not listed,Away,0,1,0,3,-3,0,3
2025-04-12,National Super League,2024/2025,Kisumu Allstars,Naivas FC,1,0,Not listed,Home,1,0,0,1,1,3,0
2025-04-12,National Super League,2024/2025,MCF FC,Nzoia Sugar,4,0,Not listed,Home,1,0,0,4,4,3,0
2025-04-12,National Super League,2024/2025,Mombasa Stars,Darajani Gogo,3,0,Not listed,Home,1,0,0,3,3,3,0
2025-04-06,National Super League,2024/2025,3K FC,Kisumu Allstars,3,1,Not listed,Home,1,0,0,4,2,3,0
2025-04-06,National Super League,2024/2025,Fortune Sacco,Nzoia Sugar,4,0,Not listed,Home,1,0,0,4,4,3,0
2025-04-06,National Super League,2024/2025,Migori Youth FC,Darajani Gogo,0,0,Not listed,Draw,0,0,1,0,0,1,1
2025-04-06,National Super League,2024/2025,Nairobi United,Mombasa Stars,6,2,Not listed,Home,1,0,0,8,4,3,0
2025-04-06,National Super League,2024/2025,Vihiga United,MCF FC,1,0,Not listed,Home,1,0,0,1,1,3,0
2025-04-05,National Super League,2024/2025,Mombasa United FC,APS Bomet,0,0,Not listed,Draw,0,0,1,0,0,1,1
2025-03-23,National Super League,2024/2025,SS Assad,Nzoia Sugar,2,0,Not listed,Home,1,0,0,2,2,3,0
2025-03-23,National Super League,2024/2025,Samwest Blackboots,Kibera Black Stars,0,1,Not listed,Away,0,1,0,1,-1,0,3
2025-03-23,National Super League,2024/2025,Vihiga United,Migori Youth FC,2,0,Not listed,Home,1,0,0,2,2,3,0
2025-03-22,National Super League,2024/2025,MCF FC,Kisumu Allstars,1,0,Not listed,Home,1,0,0,1,1,3,0
2025-03-22,National Super League,2024/2025,MOFA FC.,Mombasa United FC,1,0,Not listed,Home,1,0,0,1,1,3,0
2025-03-22,National Super League,2024/2025,Mombasa Stars,3K FC,2,3,Not listed,Away,0,1,0,5,-1,0,3
2025-03-22,National Super League,2024/2025,Nairobi United,Darajani Gogo,4,1,Not listed,Home,1,0,0,5,3,3,0
2025-03-22,National Super League,2024/2025,Naivas FC,Fortune Sacco,1,0,Not listed,Home,1,0,0,1,1,3,0
2025-03-16,National Super League,2024/2025,APS Bomet,Nairobi United,0,0,Not listed,Draw,0,0,1,0,0,1,1
2025-03-16,National Super League,2024/2025,Fortune Sacco,SS Assad,2,2,Not listed,Draw,0,0,1,4,0,1,1
2025-03-16,National Super League,2024/2025,Luanda Villa,MCF FC,0,0,Not listed,Draw,0,0,1,0,0,1,1
2025-03-16,National Super League,2024/2025,Migori Youth FC,MOFA FC.,1,1,Not listed,Draw,0,0,1,2,0,1,1
2025-03-15,National Super League,2024/2025,Darajani Gogo,Vihiga United,2,1,Not listed,Home,1,0,0,3,1,3,0
2025-03-15,National Super League,2024/2025,Mombasa United FC,Mombasa Stars,0,1,Not listed,Away,0,1,0,1,-1,0,3
2025-03-15,National Super League,2024/2025,Nzoia Sugar,Samwest Blackboots,3,3,Not listed,Draw,0,0,1,6,0,1,1
2025-03-14,National Super League,2024/2025,Kibera Black Stars,Naivas FC,0,1,Not listed,Away,0,1,0,1,-1,0,3
2025-03-12,National Super League,2024/2025,MOFA FC.,APS Bomet,0,1,Not listed,Away,0,1,0,1,-1,0,3
2025-03-12,National Super League,2024/2025,Nairobi United,Fortune Sacco,4,3,Not listed,Home,1,0,0,7,1,3,0
2025-03-09,National Super League,2024/2025,MCF FC,Kibera Black Stars,2,0,Not listed,Home,1,0,0,2,2,3,0
2025-03-09,National Super League,2024/2025,Mombasa Stars,Migori Youth FC,1,2,Not listed,Away,0,1,0,3,-1,0,3
2025-03-09,National Super League,2024/2025,SS Assad,Mombasa United FC,2,3,Not listed,Away,0,1,0,5,-1,0,3
2025-03-09,National Super League,2024/2025,Samwest Blackboots,Luanda Villa,1,1,Not listed,Draw,0,0,1,2,0,1,1
2025-03-09,National Super League,2024/2025,Vihiga United,Kisumu Allstars,1,1,Not listed,Draw,0,0,1,2,0,1,1
2025-03-08,National Super League,2024/2025,Naivas FC,Nzoia Sugar,3,1,Not listed,Home,1,0,0,4,2,3,0
2025-02-15,National Super League,2024/2025,Mombasa Stars,APS Bomet,0,0,Not listed,Draw,0,0,1,0,0,1,1
2025-02-15,National Super League,2024/2025,Nairobi United,Kisumu Allstars,0,0,Not listed,Draw,0,0,1,0,0,1,1
2025-02-15,National Super League,2024/2025,Naivas FC,Migori Youth FC,0,1,Not listed,Away,0,1,0,1,-1,0,3
2025-02-09,National Super League,2024/2025,3K FC,Mombasa Stars,3,1,Not listed,Home,1,0,0,4,2,3,0
2025-02-09,National Super League,2024/2025,APS Bomet,Muhoroni Youth,1,0,Not listed,Home,1,0,0,1,1,3,0
2025-02-09,National Super League,2024/2025,Kisumu Allstars,MCF FC,0,0,Not listed,Draw,0,0,1,0,0,1,1
2025-02-09,National Super League,2024/2025,Migori Youth FC,Vihiga United,0,0,Not listed,Draw,0,0,1,0,0,1,1
2025-02-09,National Super League,2024/2025,Mombasa United FC,MOFA FC.,2,0,Not listed,Home,1,0,0,2,2,3,0
2025-02-09,National Super League,2024/2025,Nzoia Sugar,SS Assad,6,0,Not listed,Home,1,0,0,6,6,3,0
2025-02-08,National Super League,2024/2025,Darajani Gogo,Nairobi United,0,1,Not listed,Away,0,1,0,1,-1,0,3
2025-02-08,National Super League,2024/2025,Fortune Sacco,Naivas FC,2,4,Not listed,Away,0,1,0,6,-2,0,3
2025-02-07,National Super League,2024/2025,Kibera Black Stars,Samwest Blackboots,4,0,Not listed,Home,1,0,0,4,4,3,0
2025-02-07,National Super League,2024/2025,Luanda Villa,MOFA FC.,2,1,Not listed,Home,1,0,0,3,1,3,0
2025-02-07,National Super League,2024/2025,Migori Youth FC,MCF FC,1,1,Not listed,Draw,0,0,1,2,0,1,1
2025-01-26,National Super League,2024/2025,3K FC,APS Bomet,1,1,Not listed,Draw,0,0,1,2,0,1,1
2025-01-26,National Super League,2024/2025,Luanda Villa,Nzoia Sugar,2,3,Not listed,Away,0,1,0,5,-1,0,3
2025-01-26,National Super League,2024/2025,Migori Youth FC,Mombasa United FC,0,1,Not listed,Away,0,1,0,1,-1,0,3
2025-01-26,National Super League,2024/2025,Mombasa Stars,Fortune Sacco,1,2,Not listed,Away,0,1,0,3,-1,0,3
2025-01-26,National Super League,2024/2025,Vihiga United,Naivas FC,1,1,Not listed,Draw,0,0,1,2,0,1,1
2025-01-25,National Super League,2024/2025,Kisumu Allstars,Darajani Gogo,1,1,Not listed,Draw,0,0,1,2,0,1,1
2025-01-25,National Super League,2024/2025,MCF FC,Nairobi United,0,1,Not listed,Away,0,1,0,1,-1,0,3
2025-01-12,National Super League,2024/2025,Kisumu Allstars,Mombasa United FC,0,0,Not listed,Draw,0,0,1,0,0,1,1
2025-01-12,National Super League,2024/2025,Luanda Villa,Nairobi United,1,2,Not listed,Away,0,1,0,3,-1,0,3
2025-01-12,National Super League,2024/2025,MCF FC,Samwest Blackboots,1,1,Not listed,Draw,0,0,1,2,0,1,1
2025-01-12,National Super League,2024/2025,Migori Youth FC,Fortune Sacco,1,1,Not listed,Draw,0,0,1,2,0,1,1
2025-01-12,National Super League,2024/2025,Mombasa Stars,Naivas FC,1,4,Not listed,Away,0,1,0,5,-3,0,3
2025-01-11,National Super League,2024/2025,3K FC,Kibera Black Stars,0,1,Not listed,Away,0,1,0,1,-1,0,3
2025-01-11,National Super League,2024/2025,MOFA FC.,Darajani Gogo,1,0,Not listed,Home,1,0,0,1,1,3,0
2025-01-11,National Super League,2024/2025,Muhoroni Youth,Nzoia Sugar,2,3,Not listed,Away,0,1,0,5,-1,0,3
2025-01-11,National Super League,2024/2025,Vihiga United,SS Assad,2,1,Not listed,Home,1,0,0,3,1,3,0
